birth,death
0.7835102081298828,0.9098237156867981
0.4714038372039795,0.5270457863807678
