birth,death
1.2711236476898193,1.70097017288208
0.41095638275146484,0.4420909285545349
0.3886108994483948,0.422763854265213
0.3699638247489929,0.45230743288993835
0.33948463201522827,0.46249961853027344
