birth,death
1.2984544038772583,1.3600610494613647
0.8381460309028625,0.9166306853294373
0.36411377787590027,0.3995836675167084
0.3525577187538147,0.5248313546180725
