birth,death
1.7425551414489746,1.776214599609375
0.8787769079208374,1.1123937368392944
0.6030164957046509,0.6706303954124451
0.5466986894607544,0.7338302135467529
