birth,death
0.9142818450927734,0.9431312084197998
0.7362613677978516,0.8236555457115173
