birth,death
1.4725418090820312,1.8391826152801514
0.9437918066978455,0.958612859249115
0.800693929195404,0.960354745388031
0.6421841979026794,0.6939787864685059
0.6042780876159668,0.6738829612731934
