birth,death
0.911348283290863,0.9789435863494873
0.7011893391609192,0.7110244631767273
0.6454976201057434,0.6666667461395264
