birth,death
1.2316995859146118,1.502199411392212
0.9064289927482605,1.044603943824768
0.5990275740623474,0.693462610244751
0.3643620014190674,0.38351961970329285
