birth,death
1.6232707500457764,1.9029693603515625
1.119065284729004,1.1461467742919922
0.7084947824478149,0.7491203546524048
