label,pre_rmspe,post_rmspe,post_pre_ratio,h1_wasserstein_31,top_weight_donor,max_weight
renormalized_saved_weights_no_reopt,0.1449189357600426,0.7440964334560475,5.134570092952694,1.1228728454303485,MINNESOTA,0.25977271306921373
retryA_lambda2_stronger_multistart,0.19948718397677426,1.0403248591036545,5.214995962972622,0.6392088909545888,NEVADA,0.10204304836878311
retryB_continuation_0.5_1.0_2.0,0.1458131775304652,0.8280630113861619,5.678931255806096,0.5836296081005665,IDAHO,0.17060139741895017
